{
	"credit": "Made with Blockbench",
	"texture_size": [64, 64],
	"textures": {
		"0": "item/foil_hat",
		"particle": "item/foil_hat"
	},
	"elements": [
		{
			"from": [3.25, 0, 3.25],
			"to": [12.75, 3, 12.75],
			"rotation": {"angle": 0, "axis": "y", "origin": [7, 0, 7]},
			"faces": {
				"north": {"uv": [2.25, 2.25, 4.5, 3], "texture": "#0"},
				"east": {"uv": [0, 2.25, 2.25, 3], "texture": "#0"},
				"south": {"uv": [6.75, 2.25, 9, 3], "texture": "#0"},
				"west": {"uv": [4.5, 2.25, 6.75, 3], "texture": "#0"},
				"up": {"uv": [4.5, 2.25, 2.25, 0], "texture": "#0"},
				"down": {"uv": [6.75, 0, 4.5, 2.25], "texture": "#0"}
			}
		},
		{
			"from": [6, 4, 6],
			"to": [10, 5, 10],
			"rotation": {"angle": 0, "axis": "y", "origin": [7, 4, 6]},
			"faces": {
				"north": {"uv": [1, 6, 2, 6.25], "texture": "#0"},
				"east": {"uv": [0, 6, 1, 6.25], "texture": "#0"},
				"south": {"uv": [3, 6, 4, 6.25], "texture": "#0"},
				"west": {"uv": [2, 6, 3, 6.25], "texture": "#0"},
				"up": {"uv": [2, 6, 1, 5], "texture": "#0"},
				"down": {"uv": [3, 5, 2, 6], "texture": "#0"}
			}
		},
		{
			"from": [7, 5, 7],
			"to": [9, 9, 9],
			"rotation": {"angle": 0, "axis": "y", "origin": [7, 5, 7]},
			"faces": {
				"north": {"uv": [4.5, 5.5, 5, 6.5], "texture": "#0"},
				"east": {"uv": [4, 5.5, 4.5, 6.5], "texture": "#0"},
				"south": {"uv": [5.5, 5.5, 6, 6.5], "texture": "#0"},
				"west": {"uv": [5, 5.5, 5.5, 6.5], "texture": "#0"},
				"up": {"uv": [5, 5.5, 4.5, 5], "texture": "#0"},
				"down": {"uv": [5.5, 5, 5, 5.5], "texture": "#0"}
			}
		},
		{
			"from": [4.5, 3, 4.5],
			"to": [11.5, 4, 11.5],
			"rotation": {"angle": 0, "axis": "y", "origin": [5, 2, 5]},
			"faces": {
				"north": {"uv": [1.75, 4.75, 3.5, 5], "texture": "#0"},
				"east": {"uv": [0, 4.75, 1.75, 5], "texture": "#0"},
				"south": {"uv": [5.25, 4.75, 7, 5], "texture": "#0"},
				"west": {"uv": [3.5, 4.75, 5.25, 5], "texture": "#0"},
				"up": {"uv": [3.5, 4.75, 1.75, 3], "texture": "#0"},
				"down": {"uv": [5.25, 3, 3.5, 4.75], "texture": "#0"}
			}
		}
	],
	"gui_light": "front",
	"display": {
		"thirdperson_righthand": {
			"translation": [0, 2.75, 0],
			"scale": [0.46, 0.46, 0.46]
		},
		"thirdperson_lefthand": {
			"translation": [0, 2.75, 0],
			"scale": [0.46, 0.46, 0.46]
		},
		"firstperson_righthand": {
			"translation": [0.5, 2.75, 0.5],
			"scale": [0.46, 0.46, 0.46]
		},
		"firstperson_lefthand": {
			"translation": [0.5, 2.75, 0.5],
			"scale": [0.46, 0.46, 0.46]
		},
		"ground": {
			"translation": [0, 2.25, 0],
			"scale": [0.46, 0.46, 0.46]
		},
		"gui": {
			"translation": [0, 3.25, 0]
		},
		"head": {
			"translation": [0, 15.75, 0],
			"scale": [1.69, 1.69, 1.69]
		},
		"fixed": {
			"translation": [0, 4.75, 0.75]
		}
	}
}