{
    "parent": "item/generated",
    "textures": {
        "layer0": "item/firework_star",
        "layer1": "item/firework_star_overlay"
    },
 
	 "overrides": [
		{"predicate": {"custom_model_data":1}, "model": "item/coal"},
		{"predicate": {"custom_model_data":2}, "model": "item/raw_iron"},
		{"predicate": {"custom_model_data":3}, "model": "item/raw_copper"},
		{"predicate": {"custom_model_data":4}, "model": "item/raw_gold"},
		{"predicate": {"custom_model_data":5}, "model": "item/emerald"},
		{"predicate": {"custom_model_data":6}, "model": "item/lapis_lazuli"},
		{"predicate": {"custom_model_data":7}, "model": "item/diamond"},
		{"predicate": {"custom_model_data":8}, "model": "item/ancient_debris"},
		{"predicate": {"custom_model_data":9}, "model": "item/quartz"},
		{"predicate": {"custom_model_data":10}, "model": "item/iron_ingot"},
		{"predicate": {"custom_model_data":11}, "model": "item/copper_ingot"},
		{"predicate": {"custom_model_data":12}, "model": "item/gold_ingot"},
		{"predicate": {"custom_model_data":13}, "model": "item/netherite_scrap"},
		{"predicate": {"custom_model_data":14}, "model": "item/netherite_ingot"},
		{"predicate": {"custom_model_data":15}, "model": "item/redstone"},
		{"predicate": {"custom_model_data":16}, "model": "item/coal_block"},
		{"predicate": {"custom_model_data":17}, "model": "item/iron_block"},
		{"predicate": {"custom_model_data":18}, "model": "item/gold_block"},
		{"predicate": {"custom_model_data":19}, "model": "item/redstone_block"},
		{"predicate": {"custom_model_data":20}, "model": "item/emerald_block"},
		{"predicate": {"custom_model_data":21}, "model": "item/lapis_block"},
		{"predicate": {"custom_model_data":22}, "model": "item/diamond_block"},
		{"predicate": {"custom_model_data":23}, "model": "item/netherite_block"},
		{"predicate": {"custom_model_data":24}, "model": "item/copper_block"},
		{"predicate": {"custom_model_data":25}, "model": "item/coal_ore"},
		{"predicate": {"custom_model_data":26}, "model": "item/iron_ore"},
		{"predicate": {"custom_model_data":27}, "model": "item/copper_ore"},
		{"predicate": {"custom_model_data":28}, "model": "item/gold_ore"},
		{"predicate": {"custom_model_data":29}, "model": "item/redstone_ore"},
		{"predicate": {"custom_model_data":30}, "model": "item/emerald_ore"},
		{"predicate": {"custom_model_data":31}, "model": "item/lapis_ore"},
		{"predicate": {"custom_model_data":32}, "model": "item/diamond_ore"},
		{"predicate": {"custom_model_data":33}, "model": "item/nether_quartz_ore"},
		{"predicate": {"custom_model_data":34}, "model": "item/deepslate_coal_ore"},
		{"predicate": {"custom_model_data":35}, "model": "item/deepslate_iron_ore"},
		{"predicate": {"custom_model_data":36}, "model": "item/deepslate_copper_ore"},
		{"predicate": {"custom_model_data":37}, "model": "item/deepslate_gold_ore"},
		{"predicate": {"custom_model_data":38}, "model": "item/deepslate_redstone_ore"},
		{"predicate": {"custom_model_data":39}, "model": "item/deepslate_emerald_ore"},
		{"predicate": {"custom_model_data":40}, "model": "item/deepslate_lapis_ore"},
		{"predicate": {"custom_model_data":41}, "model": "item/deepslate_diamond_ore"}
	 ]
}
